2026-05-22 11:57:40,Type: Real-time Plotter
time_s,force_N,weight_g
0.0,-0.004303,-0.4392
0.4370000000000118,-0.004095,-0.4179
0.8740000000000236,-0.004275,-0.4363
1.3110000000000355,-0.004491,-0.4584
1.7479999999999905,-0.004693,-0.479
2.1850000000000023,-0.004807,-0.4907
2.622000000000014,-0.004786,-0.4885
3.059000000000026,-0.004892,-0.4993
3.4960000000000377,-0.004771,-0.487
3.934000000000026,-0.004742,-0.484
4.371000000000038,-0.005044,-0.5148
4.807999999999993,0.003398,0.3468
5.2450000000000045,0.003132,0.3197
5.682000000000016,0.002859,0.2918
6.119000000000028,0.002776,0.2833
6.55600000000004,0.002776,0.2833
6.992999999999995,0.00277,0.2827
7.430000000000007,0.002337,0.2385
7.867000000000019,0.002696,0.2752
8.30400000000003,0.00255,0.2603
8.742000000000019,-0.010135,-1.0345
9.17900000000003,-0.006128,-0.6255
9.616000000000042,-0.005552,-0.5667
10.052999999999997,-0.005408,-0.552
10.490000000000009,-0.00516,-0.5267
10.927000000000021,-0.005071,-0.5176
11.364000000000033,-0.004941,-0.5043
11.801000000000045,-0.003876,-0.3956
12.238,0.008182,0.8351
12.675000000000011,0.005999,0.6123
13.112000000000023,0.005597,0.5713
13.549000000000035,0.005609,0.5725
13.98599999999999,0.005441,0.5553
14.423000000000002,-0.004116,-0.4201
14.86099999999999,-0.002314,-0.2362
15.298000000000002,-0.001928,-0.1968
15.735000000000014,-0.001802,-0.1839
16.172000000000025,-0.00342,-0.3491
16.609000000000037,-0.003438,-0.3509
17.045999999999992,-0.001887,-0.1926
17.483000000000004,-0.007315,-0.7467
17.920000000000016,-0.007016,-0.7161
18.357000000000028,-0.006132,-0.6259
18.79400000000004,-0.028411,-2.8998
19.230999999999995,-0.012094,-1.2344
19.668000000000006,-0.011658,-1.1899
20.105000000000018,-0.009231,-0.9422
20.54200000000003,-0.009192,-0.9382
20.979000000000042,-0.009078,-0.9266
21.415999999999997,-0.009227,-0.9417
21.85300000000001,-0.025449,-2.5975
22.29000000000002,-0.010084,-1.0293
22.727000000000032,-0.009539,-0.9736
23.164000000000044,-0.009326,-0.9519
23.601,-0.001811,-0.1848
24.03800000000001,0.000448,0.0457
24.475000000000023,8e-05,0.0082
24.912000000000035,0.004229,0.4316
25.349000000000046,0.005628,0.5744
25.786,0.005384,0.5495
26.223000000000013,0.005229,0.5337
26.660000000000025,0.005083,0.5188
27.097000000000037,0.012238,1.2491
27.533999999999992,0.009943,1.0149
27.971000000000004,0.009484,0.968
28.408000000000015,0.010303,1.0516
28.846000000000004,0.009507,0.9704
29.283000000000015,0.008844,0.9027
29.720000000000027,0.016644,1.6988
30.15700000000004,0.012082,1.2331
30.593999999999994,0.01153,1.1769
31.031000000000006,0.011401,1.1637
31.468000000000018,0.011214,1.1446
31.90500000000003,0.021097,2.1533
32.34200000000004,0.016365,1.6703
32.778999999999996,0.015581,1.5902
33.21600000000001,0.015258,1.5573
33.652000000000044,0.015825,1.6152
34.089,0.034677,3.5394
34.52600000000001,0.436576,44.5594
34.96300000000002,0.017883,1.8252
35.400000000000034,0.018006,1.8378
35.837000000000046,0.017905,1.8275
36.274,0.018006,1.8378
36.71100000000001,-0.033716,-3.4413
37.148000000000025,-0.554683,-56.6141
37.585000000000036,-0.01341,-1.3687
38.02199999999999,-0.010393,-1.0608
38.459,-0.010028,-1.0235
38.896000000000015,-0.009939,-1.0144
39.33300000000003,-0.009883,-1.0087
39.77000000000004,-0.009836,-1.0039
40.206999999999994,-0.009786,-0.9988
40.644000000000005,-0.010001,-1.0208
41.08100000000002,-0.009828,-1.0031
41.51800000000003,-0.009415,-0.9609
41.95500000000004,-0.00913,-0.9319
42.391999999999996,-0.009141,-0.933
42.82900000000001,-0.009442,-0.9637
43.26600000000002,-0.009736,-0.9937
43.70300000000003,-0.009924,-1.0129
44.14000000000004,-0.010312,-1.0525
44.577,-0.010967,-1.1193
45.013000000000034,-0.010991,-1.1218
45.450000000000045,-0.010821,-1.1044
45.887,-0.01067,-1.0891
46.32400000000001,-0.010139,-1.0349
46.761000000000024,-0.009218,-0.9409
47.198000000000036,-0.00872,-0.8901
47.63499999999999,-0.002955,-0.3016
48.072,-0.002297,-0.2344
48.509000000000015,-0.012985,-1.3254
48.946000000000026,-0.03832,-3.9111
49.38300000000004,0.117632,12.0062
49.81999999999999,0.054809,5.5942
50.257000000000005,0.013731,1.4015
50.69400000000002,-0.027561,-2.813
51.13100000000003,0.012414,1.267
51.56800000000004,0.018543,1.8926
52.004999999999995,-0.012251,-1.2504
52.44200000000001,0.122583,12.5115
52.87800000000004,0.044316,4.5232
53.315,-0.011855,-1.21
53.75200000000001,-0.105348,-10.7525
54.18900000000002,-0.07872,-8.0346
54.62600000000003,-0.123626,-12.618
55.063000000000045,-0.114659,-11.7028
55.5,-0.04227,-4.3144
55.93700000000001,-0.092066,-9.3968
56.374000000000024,-0.030817,-3.1454
56.811000000000035,-0.110295,-11.2574
57.24799999999999,-0.055374,-5.6518
57.685,-0.13642,-13.9238
58.122000000000014,-0.084111,-8.5849
58.55799999999999,-0.068476,-6.9891
58.995000000000005,-0.026219,-2.6761
59.432000000000016,-0.0456,-4.6542
59.86900000000003,-0.072417,-7.3913
60.30600000000004,0.005222,0.533
60.742999999999995,0.004994,0.5097
61.18000000000001,0.00781,0.7971
61.61700000000002,-0.024667,-2.5176
62.05400000000003,-0.011681,-1.1923
62.49100000000004,0.015998,1.6328
62.928,0.028465,2.9053
63.36500000000001,-0.027853,-2.8429
63.801000000000045,-0.013861,-1.4148
64.238,5.8e-05,0.006
64.67500000000001,-0.047098,-4.8071
65.11200000000002,-0.033086,-3.377
65.54900000000004,6e-05,0.0061
65.98599999999999,-0.019827,-2.0237
66.423,-0.004113,-0.4198
66.86000000000001,-0.010189,-1.0399
67.29700000000003,0.057035,5.8214
67.73400000000004,0.000898,0.0917
68.17099999999999,0.004962,0.5064
68.608,-0.001845,-0.1883
69.04400000000004,0.017741,1.8107
69.481,0.031535,3.2187
69.918,0.030854,3.1491
70.35500000000002,0.0209,2.1332
70.79200000000003,-0.002796,-0.2854
71.22900000000004,0.007823,0.7985
71.666,0.007553,0.7709
72.10300000000001,0.00389,0.397
72.54000000000002,0.006461,0.6595
72.97700000000003,0.055446,5.6592
73.41400000000004,0.045449,4.6388
73.851,0.001708,0.1743
74.28800000000001,0.001527,0.1559
74.72500000000002,0.001812,0.185
75.161,0.003002,0.3064
75.59800000000001,0.001947,0.1987
76.03500000000003,0.001327,0.1355
76.47200000000004,0.001344,0.1372
76.90899999999999,0.001716,0.1751
77.346,0.001668,0.1702
77.78300000000002,0.002962,0.3023
78.22000000000003,0.001659,0.1694
78.65700000000004,0.001654,0.1688
79.094,0.001107,0.113
79.531,0.001171,0.1195
79.96800000000002,0.001643,0.1677
80.40500000000003,0.003306,0.3375
80.84200000000004,-0.000609,-0.0622
81.279,-0.00071,-0.0725
81.71500000000003,-0.000621,-0.0634
82.15200000000004,-0.000726,-0.0741
82.589,-0.000736,-0.0751
83.02600000000001,-0.000724,-0.0739
83.46300000000002,-0.000876,-0.0894
83.90000000000003,-0.000527,-0.0538
84.33700000000005,0.000698,0.0712
84.774,0.000536,0.0547
85.21100000000001,0.000501,0.0512
85.64800000000002,0.00024,0.0245
86.08500000000004,0.000345,0.0352
86.52199999999999,0.000409,0.0418
86.95800000000003,0.000347,0.0354
87.39500000000004,0.001041,0.1062
87.832,-0.001661,-0.1695
88.269,0.088498,9.0326
88.70600000000002,0.21202,21.64
89.14300000000003,-0.000348,-0.0355
89.58000000000004,-6.9e-05,-0.007
90.017,0.000605,0.0617
90.45400000000001,0.004658,0.4755
90.89100000000002,0.332458,33.9326
91.32800000000003,0.000388,0.0396
91.76500000000004,-0.000753,-0.0768
92.202,-6e-06,-0.0006
92.63800000000003,0.003146,0.3211
93.07500000000005,0.003037,0.3099
93.512,-0.000779,-0.0795
93.94900000000001,0.000204,0.0208
94.38600000000002,0.000724,0.0739
94.82300000000004,-0.203061,-20.7256
95.25999999999999,-1.359471,-138.7555
95.697,-0.001354,-0.1381
96.13400000000001,-0.000982,-0.1002
96.57100000000003,-0.001091,-0.1113
97.00800000000004,-0.001416,-0.1445
97.445,0.001185,0.1209
97.882,0.001698,0.1733
98.31800000000004,0.001367,0.1395
98.755,0.00116,0.1184
99.19200000000001,0.000869,0.0887
99.62900000000002,0.000824,0.0842
100.06600000000003,0.000743,0.0759
100.50300000000004,0.000787,0.0803
100.94,0.000685,0.0699
101.37700000000001,0.000549,0.056
101.81400000000002,0.000555,0.0567
102.25100000000003,0.000398,0.0406
102.68800000000005,0.000417,0.0426
103.125,0.00015,0.0153
103.56200000000001,2.2e-05,0.0022
103.99799999999999,-4.9e-05,-0.005
104.435,7.7e-05,0.0079
104.87200000000001,9.9e-05,0.0101
105.30900000000003,0.000123,0.0126
105.74600000000004,0.000224,0.0228
106.18299999999999,0.000193,0.0197
106.62,0.000212,0.0216
107.05700000000002,4e-06,0.0004
107.49400000000003,3.8e-05,0.0039
107.93100000000004,-4.4e-05,-0.0045
108.368,-5.9e-05,-0.006
108.805,-1.5e-05,-0.0015
109.24100000000004,-0.000287,-0.0293
109.678,-0.00022,-0.0225
110.11500000000001,-0.000211,-0.0216
110.55200000000002,-0.000305,-0.0311
110.98900000000003,-0.000355,-0.0362
111.42600000000004,-6.5e-05,-0.0066
111.863,-0.000234,-0.0238
112.30000000000001,-0.000115,-0.0118
112.73700000000002,-0.000275,-0.028
