millis_ms,force_N,weight_g,time_s
554382,-0.01194,-1.137,0
554645,-0.01112,-1.058,0.263
554907,-0.0099,-1.237,0.525
555170,-0.01063,-1.089,0.788
555432,-0.01043,-1.191,1.05
555695,-0.01006,-1.087,1.313
555957,-0.01141,-1.187,1.575
556220,-0.01218,-1.077,1.838
556483,-0.01086,-1.079,2.101
556745,-0.01224,-1.114,2.363
557007,-0.01004,-1.085,2.625
557270,-0.01326,-1.306,2.888
557533,-0.01361,-1.454,3.151
557795,-0.01388,-1.366,3.413
558058,-0.01055,-1.191,3.676
558320,-0.01161,-1.256,3.938
558583,-0.01112,-1.277,4.201
558845,-0.01365,-1.266,4.463
559108,-0.01298,-1.191,4.726
559370,-0.01124,-1.116,4.988
559633,-0.01428,-1.302,5.251
559896,-0.01141,-1.189,5.514
560158,-0.0118,-1.26,5.776
560421,-0.00961,-1.135,6.039
560683,-0.01196,-1.223,6.301
560946,-0.01161,-1.177,6.564
561209,-0.01263,-1.31,6.827
561471,-0.01257,-1.096,7.089
561734,-0.01037,-1.121,7.352
561996,-0.01161,-1.089,7.614
562259,-0.01069,-1.158,7.877
562521,-0.0108,-1.166,8.139
562784,-0.01155,-1.298,8.402
563046,-0.00904,-1.1,8.664
563309,-0.01012,-0.794,8.927
563571,-0.01398,-1.437,9.189
563834,-0.00926,-0.875,9.452
564096,-0.01143,-1.087,9.714
564359,-0.01053,-0.975,9.977
564622,-0.00937,-1.189,10.24
564884,-0.01077,-1.044,10.502
565147,-0.01204,-1.108,10.765
565409,-0.00882,-0.975,11.027
565672,-0.01126,-1.087,11.29
565934,-0.00926,-1.044,11.552
566197,-0.00904,-0.956,11.815
566459,-0.00947,-0.925,12.077
566722,-0.01012,-1.139,12.34
566985,-0.00984,-0.966,12.603
567247,-0.00859,-0.946,12.865
567510,-0.00914,-0.814,13.128
567772,-0.00898,-0.756,13.39
568035,-0.00743,-0.877,13.653
568297,-0.00941,-1.071,13.915
568560,-0.0099,-1.081,14.178
568823,-0.00871,-0.904,14.441
569085,-0.00947,-0.985,14.703
569347,-0.00933,-1.106,14.965
569610,-0.01041,-1.021,15.228
569873,-0.01104,-1.216,15.491
570135,-0.01026,-0.973,15.753
570398,-0.00859,-1.012,16.016
570660,-0.01053,-0.898,16.278
570923,-0.00933,-0.971,16.541
571185,-0.01,-0.954,16.803
571448,-0.01102,-1.166,17.066
571710,-0.00953,-1.108,17.328
571973,-0.00982,-1.087,17.591
572236,-0.00975,-0.912,17.854
572498,-0.00882,-1.218,18.116
572761,-0.01067,-1,18.379
573023,-0.00802,-0.885,18.641
573286,-0.00963,-1.085,18.904
573548,-0.01031,-0.912,19.166
573811,-0.01088,-0.975,19.429
574073,-0.0091,-0.931,19.691
574336,-0.00798,-1.177,19.954
574599,-0.00806,-0.954,20.217
574861,-0.01143,-1.221,20.479
575123,-0.01194,-1.225,20.741
575386,-0.00994,-1.071,21.004
575649,-0.01147,-1.193,21.267
575911,-0.00924,-0.889,21.529
576174,-0.00782,-1.123,21.792
576436,-0.01604,-7.123,22.054
576699,-0.40308,-50.04,22.317
576961,-0.68132,-75.451,22.579
577224,-0.75722,-77.828,22.842
577486,-0.76771,-78.504,23.104
577749,-0.76811,-78.469,23.367
578011,-0.76985,-78.336,23.629
578274,-0.77111,-78.917,23.892
578537,-0.77052,-78.604,24.155
578799,-0.77189,-78.99,24.417
579062,-0.77183,-78.827,24.68
579325,-0.77291,-78.873,24.943
579587,-0.77122,-78.979,25.205
579849,-0.77487,-79.084,25.467
580112,-0.77587,-79.192,25.73
580374,-0.7725,-78.602,25.992
580637,-0.77311,-79.136,26.255
580900,-0.7736,-79.071,26.518
581162,-0.77424,-79.088,26.78
581425,-0.77436,-79.092,27.043
581687,-0.7742,-79.204,27.305
581950,-0.7772,-79.223,27.568
582212,-0.77856,-79.288,27.83
582475,-0.77754,-79.321,28.093
582737,-0.77893,-79.508,28.355
583000,-0.77895,-79.531,28.618
583263,-0.77579,-79.094,28.881
583525,-0.77948,-79.554,29.143
583788,-0.77679,-79.411,29.406
584050,-0.77977,-79.596,29.668
584313,-0.77987,-79.592,29.931
584575,-0.77769,-79.3,30.193
584838,-0.7785,-79.6,30.456
585100,-0.7765,-79.134,30.718
585363,-0.77638,-79.248,30.981
585625,-0.77705,-79.358,31.243
585888,-0.77832,-79.486,31.506
586150,-0.77564,-79.336,31.768
586413,-0.77558,-79.294,32.031
586675,-0.77654,-79.148,32.293
586938,-0.77462,-79.065,32.556
587201,-0.7766,-79.419,32.819
587463,-0.77493,-79.004,33.081
587726,-0.77301,-78.809,33.344
587988,-0.77548,-79.063,33.606
588251,-0.77152,-78.831,33.869
588513,-0.77407,-78.877,34.131
588776,-0.77452,-79.021,34.394
589038,-0.77032,-78.646,34.656
589301,-0.77105,-78.579,34.919
589564,-0.76948,-78.502,35.182
589826,-0.76781,-78.188,35.444
590089,-0.76624,-78.196,35.707
590352,-0.76852,-78.373,35.97
590614,-0.76616,-78.217,36.232
590876,-0.76687,-78.284,36.494
591139,-0.7656,-78.013,36.757
591401,-0.76634,-78.102,37.019
591664,-0.76697,-78.117,37.282
591927,-0.76822,-78.136,37.545
592189,-0.7666,-78.352,37.807
592452,-0.76748,-78.202,38.07
592714,-0.7644,-78.152,38.332
592977,-0.76765,-78.123,38.595
593240,-0.76807,-78.188,38.858
593502,-0.76732,-78.257,39.12
593764,-0.76544,-78.238,39.382
594027,-0.76601,-77.955,39.645
594290,-0.76432,-77.957,39.908
594552,-0.76669,-78.125,40.17
594815,-0.76599,-78.248,40.433
595077,-0.76532,-78.061,40.695
595340,-0.75742,-76.145,40.958
595602,-0.69369,-63.693,41.22
595865,-0.59719,-49.032,41.483
596127,-0.23352,-20.406,41.745
596390,-0.1653,-16.357,42.008
596652,-0.15928,-16.144,42.27
596915,-0.15399,-15.494,42.533
597178,-0.1516,-15.503,42.796
597440,-0.14887,-16.446,43.058
597703,-1.2016,-146.095,43.321
597965,-1.61784,-166.053,43.583
598228,-1.72577,-187.604,43.846
598490,-1.84923,-188.239,44.108
598753,-1.83709,-187.231,44.371
599015,-1.8316,-186.652,44.633
599278,-1.82348,-185.856,44.896
599540,-1.82031,-185.727,45.158
599803,-1.81723,-185.029,45.421
600065,-1.81115,-184.736,45.683
600328,-1.80672,-184.313,45.946
600591,-1.80425,-184.059,46.209
600853,-1.8038,-184.046,46.471
601116,-1.80325,-184.036,46.734
601378,-1.79956,-183.617,46.996
601641,-1.79895,-183.486,47.259
601903,-1.79752,-183.496,47.521
602166,-1.79603,-183.469,47.784
602428,-1.79717,-183.284,48.046
602691,-1.79411,-183.209,48.309
602953,-1.7905,-182.901,48.571
603216,-1.79423,-183.107,48.834
603478,-1.79385,-183.153,49.096
603741,-1.79405,-182.976,49.359
604004,-1.79266,-182.849,49.622
604266,-1.79017,-182.645,49.884
604529,-1.79019,-182.895,50.147
604791,-1.79042,-182.568,50.409
605054,-1.78885,-182.507,50.672
605316,-1.7876,-182.601,50.934
605579,-1.78838,-182.478,51.197
605841,-1.78776,-182.543,51.459
606104,-1.78934,-182.643,51.722
606366,-1.78934,-182.655,51.984
606629,-1.7877,-182.438,52.247
606891,-1.78709,-182.384,52.509
607154,-1.78779,-182.543,52.772
607416,-1.78764,-182.668,53.034
607679,-1.78978,-182.655,53.297
607942,-1.78721,-182.449,53.56
608204,-1.78689,-182.445,53.822
608467,-1.78783,-182.518,54.085
608729,-1.78632,-182.401,54.347
608992,-1.78162,-181.999,54.61
609254,-1.78497,-182.447,54.872
609517,-1.78742,-182.309,55.135
609779,-1.78789,-182.405,55.397
610042,-1.78601,-182.068,55.66
610304,-1.78023,-182.024,55.922
610567,-1.78466,-182.128,56.185
610830,-1.78885,-182.659,56.448
611092,-1.79017,-182.472,56.71
611354,-1.78868,-182.368,56.972
611617,-1.78827,-182.724,57.235
611880,-1.79032,-182.722,57.498
612142,-1.79299,-183.194,57.76
612405,-1.80174,-184.39,58.023
612667,-1.81568,-184.921,58.285
612930,-1.80523,-183.861,58.548
613192,-1.79962,-183.584,58.81
613455,-1.79791,-183.657,59.073
613717,-1.80044,-183.867,59.335
613980,-1.80605,-184.503,59.598
614242,-1.80466,-183.907,59.86
614505,-1.80138,-183.782,60.123
614767,-1.80136,-183.634,60.385
615030,-1.79613,-183.586,60.648
615292,-1.79799,-183.596,60.91
615555,-1.79997,-183.459,61.173
615817,-1.79929,-183.38,61.435
616080,-1.79548,-183.34,61.698
616342,-1.7935,-183.186,61.96
616605,-1.79619,-183.269,62.223
616868,-1.79919,-183.784,62.486
617130,-1.79989,-183.649,62.748
617393,-1.79852,-183.255,63.011
617655,-1.79644,-183.274,63.273
617918,-1.79497,-183.332,63.536
618180,-1.79736,-183.536,63.798
618443,-1.7977,-183.557,64.061
618705,-1.79864,-183.438,64.323
618968,-1.79501,-183.472,64.586
619230,-1.79272,-182.986,64.848
619493,-1.79536,-183.319,65.111
619755,-1.79666,-183.292,65.373
620018,-1.79723,-183.374,65.636
620280,-1.79525,-182.988,65.898
620543,-1.79346,-182.999,66.161
620805,-1.79393,-183.122,66.423
621068,-1.79527,-183.459,66.686
621330,-1.79723,-183.784,66.948
621593,-1.79629,-183.29,67.211
621855,-1.79295,-182.94,67.473
622118,-1.79346,-182.938,67.736
622380,-1.79119,-182.957,67.998
622643,-1.79338,-183.072,68.261
622905,-1.79664,-183.297,68.523
623168,-1.79756,-183.811,68.786
623430,-1.80152,-184.08,69.048
623693,-1.81652,-185.69,69.311
623955,-1.82646,-186.925,69.573
624218,-1.8505,-190.772,69.836
624480,-1.98428,-205.341,70.098
624743,-1.99326,-203.196,70.361
625005,-2.11478,-215.422,70.623
625268,-2.90102,-307.02,70.886
625530,-2.96036,-301.417,71.148
625793,-2.94296,-300.042,71.411
626055,-2.9343,-299.253,71.673
626318,-2.92896,-298.634,71.936
626581,-2.93,-299.348,72.199
626843,-2.92957,-298.98,72.461
627105,-2.92908,-298.663,72.723
627368,-2.92165,-298.049,72.986
627631,-2.91865,-297.749,73.249
627893,-2.91692,-297.563,73.511
628156,-2.91704,-297.709,73.774
628418,-2.91757,-297.903,74.036
628681,-2.91626,-297.653,74.299
628943,-2.91394,-297.116,74.561
629206,-2.90682,-296.684,74.824
629468,-2.90692,-296.728,75.086
629731,-2.91286,-297.291,75.349
629993,-2.91059,-297.13,75.611
630255,-2.90963,-296.868,75.873
630518,-2.90439,-296.23,76.136
630781,-2.90212,-296.403,76.399
631043,-2.90314,-296.374,76.661
631305,-2.9038,-296.616,76.923
631568,-2.90535,-296.355,77.186
631830,-2.8992,-295.795,77.448
632093,-2.89655,-295.67,77.711
632356,-2.8959,-295.764,77.974
632618,-2.89706,-295.903,78.236
632880,-2.90065,-296.087,78.498
633143,-2.89927,-295.81,78.761
633406,-2.89308,-295.079,79.024
633668,-2.89355,-295.208,79.286
633930,-2.89294,-295.533,79.548
634193,-2.89561,-295.701,79.811
634455,-2.89863,-295.616,80.073
634718,-2.89578,-295.368,80.336
634980,-2.89208,-294.993,80.598
635243,-2.89041,-295.058,80.861
635505,-2.89357,-295.22,81.123
635768,-2.89251,-295.401,81.386
636030,-2.89359,-295.162,81.648
636293,-2.88843,-294.745,81.911
636556,-2.88921,-294.835,82.174
636818,-2.88994,-294.772,82.436
637080,-2.88992,-295.158,82.698
637343,-2.89216,-295.156,82.961
637605,-2.89102,-294.795,83.223
637868,-2.88486,-294.156,83.486
638130,-2.88229,-294.306,83.748
638393,-2.88482,-294.712,84.011
638655,-2.88708,-294.668,84.273
638918,-2.88863,-294.789,84.536
639180,-2.88598,-294.239,84.798
639443,-2.88245,-294.252,85.061
639705,-2.88323,-294.173,85.323
639968,-2.88404,-294.639,85.586
640230,-2.88727,-294.575,85.848
640493,-2.88498,-294.443,86.111
640755,-2.88147,-294.025,86.373
641018,-2.87931,-294.102,86.636
641280,-2.8801,-294.006,86.898
641543,-2.88198,-294.235,87.161
641805,-2.88341,-294.335,87.423
642068,-2.88337,-294.254,87.686
642330,-2.87949,-293.771,87.948
642593,-2.87888,-293.777,88.211
642855,-2.88129,-294.3,88.473
643118,-2.88329,-294.475,88.736
643380,-2.88451,-294.323,88.998
643643,-2.88239,-294.118,89.261
643905,-2.87955,-293.854,89.523
644168,-2.87951,-293.556,89.786
644430,-2.8817,-294.183,90.048
644693,-2.8829,-294.341,90.311
644955,-2.88294,-294.06,90.573
645217,-2.88272,-294.025,90.835
645480,-2.87947,-294.077,91.098
645743,-2.87888,-293.914,91.361
646005,-2.88123,-294.139,91.623
646268,-2.88433,-294.533,91.886
646530,-2.88314,-294.3,92.148
646793,-2.89267,-325.671,92.411
647055,-3.58353,-331.674,92.673
647318,-3.14233,-318.846,92.936
647580,-3.14054,-384.526,93.198
647843,-3.89359,-402.614,93.461
648105,-3.98424,-406.732,93.723
648368,-3.98373,-406.523,93.986
648630,-3.9805,-406.03,94.248
648893,-3.97295,-405.294,94.511
649155,-3.96693,-404.665,94.773
649417,-3.96577,-404.722,95.035
649680,-3.96897,-405.269,95.298
649942,-3.97399,-405.242,95.56
650205,-3.96814,-404.767,95.823
650468,-3.96204,-404.343,96.086
650730,-3.96257,-404.43,96.348
650993,-3.95953,-404.043,96.611
651255,-3.95961,-404.211,96.873
651517,-3.96397,-404.359,97.135
651780,-3.96171,-404.103,97.398
652042,-3.95373,-403.549,97.66
652305,-3.95171,-403.405,97.923
652568,-3.95395,-403.605,98.186
652830,-3.95685,-403.949,98.448
653093,-3.95646,-403.705,98.711
653355,-3.95334,-403.299,98.973
653617,-3.94836,-402.805,99.235
653880,-3.94712,-402.853,99.498
654143,-3.94916,-403.089,99.761
654405,-3.94987,-403.249,100.023
654667,-3.95008,-402.991,100.285
654930,-3.9464,-402.522,100.548
655192,-3.94251,-402.608,100.81
655455,-3.94465,-402.726,101.073
655717,-3.94938,-402.943,101.335
655980,-3.94893,-403.01,101.598
656242,-3.94604,-402.939,101.86
656505,-3.94279,-402.314,102.123
656767,-3.94171,-402.562,102.385
657030,-3.9473,-403.045,102.648
657292,-3.95167,-403.314,102.91
657555,-3.952,-403.066,103.173
657817,-3.94732,-402.88,103.435
658080,-3.94673,-402.701,103.698
658342,-3.94806,-402.972,103.96
658605,-3.95216,-403.255,104.223
658867,-3.95271,-403.499,104.485
659130,-3.95216,-403.299,104.748
659392,-3.94916,-403.095,105.01
659655,-3.94767,-402.905,105.273
659917,-3.94642,-403.251,105.535
660180,-3.95163,-403.33,105.798
660442,-3.95751,-403.589,106.06
660705,-3.95114,-403.087,106.323
660967,-3.94804,-402.862,106.585
661230,-3.94636,-402.874,106.848
661492,-3.94834,-403.257,107.11
661755,-3.94989,-403.434,107.373
662017,-3.95144,-403.216,107.635
662280,-3.947,-402.845,107.898
662542,-3.94483,-402.52,108.16
662805,-3.9452,-402.855,108.423
663067,-3.94791,-402.953,108.685
663330,-3.94977,-403.001,108.948
663592,-3.94649,-402.77,109.21
663855,-3.9413,-402.266,109.473
664117,-3.9412,-402.516,109.735
664380,-3.94428,-402.535,109.998
664642,-3.94555,-402.655,110.26
664905,-3.94667,-402.949,110.523
665167,-4.01362,-410.229,110.785
665430,-4.89651,-467.159,111.048
665692,-4.23569,-424.082,111.31
665955,-4.14694,-423.705,111.573
666217,-4.16288,-435.429,111.835
666480,-4.858,-497.931,112.098
666742,-4.87655,-497.671,112.36
667005,-4.87602,-497.729,112.623
667267,-4.88306,-498.685,112.885
667530,-4.89661,-499.789,113.148
667792,-4.89328,-499.145,113.41
668055,-4.88424,-498.275,113.673
668317,-4.8789,-497.829,113.935
668580,-4.88104,-498.575,114.198
668842,-4.8873,-498.833,114.46
669105,-4.88645,-498.664,114.723
669367,-4.88075,-497.952,114.985
669629,-4.87565,-497.394,115.247
669892,-4.87188,-497.412,115.51
670155,-4.8773,-497.931,115.773
670417,-4.88175,-498.241,116.035
670680,-4.88016,-498.108,116.298
670942,-4.87328,-497.352,116.56
671205,-4.86914,-496.962,116.823
671467,-4.86849,-497.092,117.085
671730,-4.87396,-497.644,117.348
671992,-4.87926,-497.929,117.61
672254,-4.87557,-497.541,117.872
672517,-4.87016,-496.969,118.135
672779,-4.86877,-496.842,118.397
673042,-4.86926,-497.402,118.66
673304,-4.87443,-497.896,118.922
673567,-4.87855,-497.937,119.185
673829,-4.87643,-497.514,119.447
674092,-4.87079,-497.037,119.71
674355,-4.86892,-497.094,119.973
674617,-4.87488,-497.719,120.235
674879,-4.87798,-498.081,120.497
675142,-4.87945,-497.773,120.76
675404,-4.87341,-497.356,121.022
675667,-4.8693,-497.092,121.285
675929,-4.86941,-497.442,121.547
676192,-4.87657,-498.11,121.81
676454,-4.88192,-498.333,122.072
676717,-4.87979,-497.85,122.335
676979,-4.87241,-497.325,122.597
677242,-4.87249,-497.246,122.86
677504,-4.87657,-497.958,123.122
677767,-4.88192,-498.452,123.385
678029,-4.88212,-498.293,123.647
678292,-4.87922,-497.762,123.91
678554,-4.87239,-497.581,124.172
678817,-4.87535,-498.006,124.435
679079,-4.8811,-498.333,124.697
679342,-4.88275,-498.577,124.96
679604,-4.88171,-498.189,125.222
679867,-4.87683,-497.612,125.485
680129,-4.87592,-497.639,125.747
680392,-4.879,-497.962,126.01
680654,-4.88351,-498.462,126.272
680917,-4.88463,-498.508,126.535
681179,-4.88328,-498.256,126.797
681441,-4.87683,-497.652,127.059
681704,-4.87849,-497.694,127.322
681966,-4.88183,-498.531,127.584
682229,-4.88749,-498.793,127.847
682491,-4.88598,-498.593,128.109
682754,-4.88006,-497.854,128.372
683016,-4.87912,-498.043,128.634
683279,-4.88102,-498.402,128.897
683542,-4.88645,-498.727,129.16
683804,-4.89126,-499.037,129.422
684066,-4.88736,-498.695,129.684
684329,-4.88137,-497.989,129.947
684591,-4.87871,-498.139,130.209
684854,-4.89175,-500.378,130.472
685116,-4.92853,-504.911,130.734
685379,-4.94783,-503.332,130.997
685642,-5.20983,-551.581,131.26
685904,-5.16239,-527.245,131.522
686166,-5.16457,-527.249,131.784
686429,-5.75764,-606.903,132.047
686691,-5.95762,-614.633,132.309
686954,-6.21259,-614.901,132.572
687216,-5.96173,-607.841,132.834
687479,-5.89236,-602.123,133.097
687742,-5.89795,-601.842,133.36
688004,-5.88991,-600.813,133.622
688266,-5.89475,-601.927,133.884
688529,-5.89924,-601.927,134.147
688791,-5.89959,-602.029,134.409
689054,-5.89465,-601.757,134.672
689316,-5.89251,-601.432,134.934
689578,-5.89224,-601.478,135.196
689841,-5.89026,-601.228,135.459
690103,-5.88987,-601.055,135.721
690366,-5.88714,-600.84,135.984
690628,-5.88371,-600.534,136.246
690891,-5.88112,-600.122,136.509
691153,-5.88038,-600.307,136.771
691416,-5.87806,-599.872,137.034
691678,-5.87404,-599.486,137.296
691941,-5.87432,-599.261,137.559
692203,-5.87234,-599.384,137.821
692466,-5.87094,-599.218,138.084
692728,-5.8691,-599.109,138.346
692991,-5.86647,-598.739,138.609
693253,-5.86755,-598.878,138.871
693516,-5.86434,-598.543,139.134
693778,-5.86206,-598.26,139.396
694041,-5.86392,-598.382,139.659
694303,-5.86349,-598.339,139.921
694566,-5.86034,-598.153,140.184
694828,-5.86028,-598.062,140.446
695091,-5.85651,-597.883,140.709
695353,-5.85522,-597.808,140.971
695616,-5.85551,-597.614,141.234
695878,-5.85418,-597.653,141.496
696141,-5.85583,-597.73,141.759
696403,-5.85196,-597.449,142.021
696666,-5.85581,-597.651,142.284
696928,-5.85051,-597.253,142.546
697190,-5.85212,-597.147,142.808
697453,-5.85032,-597.093,143.071
697715,-5.85245,-597.358,143.333
697978,-5.85077,-597.133,143.596
698240,-5.8493,-597.039,143.858
698503,-5.84859,-596.814,144.121
698765,-5.84816,-596.897,144.383
699028,-5.84847,-596.854,144.646
699290,-5.84565,-596.622,144.908
699553,-5.8441,-596.295,145.171
699815,-5.84343,-596.422,145.433
700078,-5.84447,-596.408,145.696
700340,-5.84143,-596.277,145.958
700603,-5.84239,-596.25,146.221
700865,-5.84122,-596.081,146.483
701128,-5.8409,-596.077,146.746
701390,-5.83945,-595.945,147.008
701653,-5.83947,-596.158,147.271
701915,-5.8403,-595.835,147.533
702178,-5.83767,-595.904,147.796
702440,-5.83939,-595.945,148.058
702703,-5.83763,-595.977,148.321
702965,-5.83749,-595.866,148.583
703227,-5.83824,-595.833,148.845
703490,-5.83665,-595.723,149.108
703752,-5.83659,-595.685,149.37
704015,-5.83502,-595.514,149.633
704277,-5.83488,-595.51,149.895
704540,-5.83816,-595.598,150.158
704802,-5.83477,-595.516,150.42
705065,-5.83294,-595.277,150.683
705327,-5.83308,-595.498,150.945
705590,-5.83094,-594.948,151.208
705852,-5.82882,-595.366,151.47
706115,-5.84804,-597.458,151.733
706377,-5.87318,-606.964,151.995
706639,-6.12967,-619.328,152.257
706902,-6.00183,-609.986,152.52
707165,-5.89542,-600.834,152.783
707427,-7.0189,-731.784,153.045
707689,-6.22387,-632.537,153.307
707952,-6.19234,-629.49,153.57
708214,-6.78043,-705.295,153.832
708477,-6.95536,-709.252,154.095
708740,-6.94456,-708.542,154.358
709002,-6.93401,-707.453,154.62
709264,-6.92871,-707.117,154.882
709527,-6.92618,-707.024,155.145
709789,-6.92864,-706.907,155.407
710052,-6.92924,-707.078,155.67
710314,-6.92407,-706.105,155.932
710577,-6.91583,-705.578,156.195
710839,-6.9142,-705.445,156.457
711102,-6.91093,-705.824,156.72
711364,-6.91669,-706.09,156.982
711627,-6.91718,-705.932,157.245
711889,-6.91167,-705.305,157.507
712152,-6.90585,-704.766,157.77
712414,-6.90622,-704.901,158.032
712677,-6.90889,-705.386,158.295
712939,-6.9122,-705.524,158.557
713202,-6.90952,-704.897,158.82
713464,-6.90295,-704.322,159.082
713726,-6.89765,-704.226,159.344
713989,-6.90154,-704.582,159.607
714251,-6.90689,-705.053,159.869
714514,-6.90756,-705.072,160.132
714776,-6.90356,-704.266,160.394
715039,-6.89701,-703.77,160.657
715301,-6.89444,-703.664,160.919
715564,-6.89775,-704.212,161.182
715826,-6.9024,-704.782,161.444
716089,-6.90232,-704.058,161.707
716351,-6.89618,-703.562,161.969
716614,-6.89177,-703.268,162.232
716876,-6.89079,-703.399,162.494
717139,-6.89544,-704.039,162.757
717401,-6.89705,-703.816,163.019
717664,-6.89191,-703.291,163.282
717926,-6.88814,-702.75,163.544
718189,-6.88632,-702.829,163.807
718451,-6.88883,-703.241,164.069
718713,-6.89367,-703.633,164.331
718976,-6.89248,-703.406,164.594
719238,-6.88673,-702.7,164.856
719501,-6.88295,-702.433,165.119
719763,-6.88108,-702.577,165.381
720026,-6.88673,-703.106,165.644
720288,-6.88801,-703.139,165.906
720551,-6.88589,-702.816,166.169
720813,-6.87936,-702.127,166.431
721076,-6.87973,-702.075,166.694
721338,-6.87942,-702.118,166.956
721601,-6.88257,-702.566,167.219
721863,-6.88322,-702.454,167.481
722126,-6.87922,-701.691,167.744
722388,-6.8733,-701.585,168.006
722651,-6.87383,-701.8,168.269
722913,-6.87808,-702.293,168.531
723176,-6.88303,-702.495,168.794
723438,-6.87906,-702.237,169.056
723701,-6.87716,-701.571,169.319
723963,-6.87065,-701.292,169.581
724226,-6.87501,-701.873,169.844
724488,-6.88134,-702.306,170.106
724751,-6.88122,-702.106,170.369
725013,-6.87599,-701.694,170.631
725276,-6.87091,-701.09,170.894
725538,-6.86871,-701.1,171.156
725801,-6.87363,-701.723,171.419
726063,-6.87571,-701.91,171.681
726325,-6.87604,-701.696,171.943
726588,-6.87193,-701.14,172.206
726851,-6.86467,-700.852,172.469
727113,-6.86822,-701.204,172.731
727375,-6.87118,-701.45,172.993
727638,-6.87508,-701.658,173.256
727900,-6.87375,-701.26,173.518
728163,-6.86693,-700.796,173.781
728425,-6.86538,-700.633,174.043
728688,-6.86769,-701.01,174.306
728950,-6.87391,-701.604,174.568
729213,-6.87279,-701.473,174.831
729475,-6.86895,-700.996,175.093
729738,-6.86442,-700.579,175.356
730000,-6.86261,-700.517,175.618
730263,-6.86716,-701.356,175.881
730525,-6.87614,-701.985,176.143
730788,-6.88252,-701.946,176.406
731050,-6.86977,-701.067,176.668
731313,-6.86981,-701.15,176.931
731575,-6.87291,-701.442,177.193
731838,-6.88063,-702.321,177.456
732100,-6.88659,-703.354,177.718
732363,-6.88669,-702.164,177.981
732625,-6.8554,-696.001,178.243
732888,-6.84504,-699.729,178.506
733150,-6.89503,-732.532,178.768
733412,-7.33025,-742.782,179.03
733675,-7.59564,-783.31,179.293
733937,-7.75288,-793.843,179.555
734200,-7.77902,-793.807,179.818
734462,-7.7721,-793.053,180.08
734725,-7.76316,-792.324,180.343
734987,-7.75967,-791.629,180.605
735250,-7.7999,-798.131,180.868
735512,-7.83053,-800.012,181.13
735775,-7.83677,-799.606,181.393
736038,-7.82614,-798.392,181.656
736300,-7.81532,-797.54,181.918
736562,-7.81461,-797.5,182.18
736825,-7.81979,-798.2,182.443
737087,-7.81991,-798.208,182.705
737350,-7.81947,-797.704,182.968
737612,-7.81002,-796.842,183.23
737875,-7.80594,-796.628,183.493
738137,-7.80689,-796.867,183.755
738399,-7.81149,-797.636,184.017
738662,-7.8122,-797.386,184.28
738924,-7.80673,-796.44,184.542
739187,-7.80173,-796.136,184.805
739449,-7.79849,-795.855,185.067
739712,-7.80269,-796.563,185.33
739975,-7.80908,-797.019,185.593
740237,-7.80712,-796.694,185.855
740500,-7.80412,-796.321,186.118
740762,-7.79483,-795.54,186.38
741025,-7.79553,-795.859,186.643
741287,-7.7992,-796.267,186.905
741550,-7.80745,-796.838,187.168
741812,-7.80087,-795.978,187.43
742074,-7.79932,-795.738,187.692
742337,-7.79371,-795.592,187.955
742599,-7.79477,-795.751,188.217
742862,-7.79412,-795.449,188.48
743124,-7.79557,-795.655,188.742
743387,-7.79453,-795.528,189.005
743649,-7.79463,-795.572,189.267
743912,-7.79261,-795.197,189.53
744175,-7.79165,-795.37,189.793
744437,-7.79228,-795.322,190.055
744699,-7.79279,-795.363,190.317
744962,-7.79265,-795.234,190.58
745224,-7.78983,-794.957,190.842
745487,-7.7881,-794.807,191.105
745749,-7.7883,-794.965,191.367
746011,-7.78812,-794.978,191.629
746274,-7.78877,-795.055,191.892
746537,-7.78608,-794.824,192.155
746799,-7.78441,-794.607,192.417
747062,-7.78412,-794.405,192.68
747324,-7.78547,-794.549,192.942
747586,-7.78392,-794.663,193.204
747849,-7.78314,-794.651,193.467
748112,-7.78465,-794.615,193.73
748374,-7.78184,-794.257,193.992
748636,-7.78314,-794.303,194.254
748899,-7.78312,-794.497,194.517
749161,-7.78102,-794.189,194.779
749424,-7.78137,-794.147,195.042
749686,-7.77741,-794.553,195.304
749949,-7.79853,-795.792,195.567
750211,-7.79692,-795.896,195.829
750474,-7.79798,-795.672,196.092
750736,-7.79628,-795.601,196.354
750999,-7.78998,-795.392,196.617
751261,-7.793,-795.249,196.879
751524,-7.7919,-795.092,197.142
751786,-7.79018,-794.968,197.404
752049,-7.78814,-794.857,197.667
752311,-7.78532,-794.605,197.929
752573,-7.78698,-794.624,198.191
752836,-7.78459,-794.643,198.454
753098,-7.78618,-794.611,198.716
753361,-7.78363,-794.461,198.979
753623,-7.78404,-794.747,199.241
753886,-7.78204,-794.391,199.504
754148,-7.78318,-794.613,199.766
754411,-7.78557,-794.557,200.029
